date,open,high,low,close
2021-01-01,14012.55,14137.21,13997.33,14122
2021-01-04,14160.17,14185.19,14019.67,14044.69
2021-01-05,14075.38,14134.73,13919.79,13979.14
2021-01-06,14025.4,14173.75,13989.98,14138.32
2021-01-07,14120.18,14363.25,14094.5,14337.57
2021-01-08,14309.54,14822.65,14212.84,14725.95
2021-01-11,14708.09,14750.19,14671.14,14713.24
2021-01-12,14703.3,14735.29,14488.58,14520.57
2021-01-13,14569.38,14895.86,14392.9,14719.38
2021-01-14,14705.47,14860.39,14699.18,14854.09
2021-01-15,14868.96,14877.42,14550.51,14558.97
2021-01-18,14520.11,14538.74,14363.15,14381.78
2021-01-19,14408.75,14538.92,14367.1,14497.27
2021-01-20,14486.77,14757.74,14431.89,14702.86
2021-01-21,14767.25,14839.6,14721.82,14794.17
2021-01-22,14759.24,14797.78,14520.17,14558.7
2021-01-25,14541.61,14668.45,14400.73,14527.57
2021-01-26,14549.22,14559.95,14483.44,14494.16
2021-01-27,14472.46,14596.5,14451.99,14576.02
2021-01-28,14631.7,14915.15,14530.34,14813.79
2021-01-29,14773.48,14883.48,14424.83,14534.84
2021-02-01,14527.83,14615.05,14340.99,14428.21
2021-02-02,14413.86,14517.96,14344.1,14448.21
2021-02-03,14482.43,14622.48,14211.72,14351.77
2021-02-04,14341.4,14356.71,14063.47,14078.78
2021-02-05,14097.67,14327.19,14055.94,14285.45
2021-02-08,14242.64,14448.24,14139.36,14344.96
2021-02-09,14367.89,14504.19,14261.67,14397.97
2021-02-10,14399.64,14459.84,14352.3,14412.5
2021-02-11,14441.56,14490.25,14273.69,14322.38
2021-02-12,14332.99,14466.01,14121.47,14254.49
2021-02-15,14261.33,14292.01,14207.17,14237.85
2021-02-16,14218.17,14513.93,14108.97,14404.73
2021-02-17,14376.02,14535.42,14273.74,14433.14
2021-02-18,14416.44,14602.69,14075.39,14261.64
2021-02-19,14234.63,14423.01,13909.58,14097.96
2021-02-22,14083.17,14239.76,13994.37,14150.96
2021-02-23,14135.34,14218.14,13816.81,13899.61
2021-02-24,13879.93,13939.51,13783.51,13843.08
2021-02-25,13837.28,14171.24,13797.32,14131.28
2021-02-26,14109.11,14243.48,14035.32,14169.69
2021-03-01,14168.69,14503.68,14100.35,14435.33
2021-03-02,14427.5,14427.68,14314.68,14314.86
2021-03-03,14348.76,14350.51,14189.61,14191.36
2021-03-04,14178.6,14198.12,14103,14122.52
2021-03-05,14140.59,14202.25,13955.53,14017.19
2021-03-08,14008.57,14109.83,13852.21,13953.48
2021-03-09,13985.63,14025.7,13892.09,13932.15
2021-03-10,13925.56,14038.76,13472.75,13585.95
2021-03-11,13623.02,13763.07,13329.58,13469.64
2021-03-12,13491.92,13551.58,13462.4,13522.06
2021-03-15,13546.27,13700.11,13521.82,13675.66
2021-03-16,13669.12,13717.09,13641.78,13689.75
2021-03-17,13702.39,13770.39,13475.45,13543.44
2021-03-18,13546.15,14048.17,13393.16,13895.18
2021-03-19,13923.02,13944.68,13829.25,13850.91
2021-03-22,13873.94,13944.63,13845.09,13915.79
2021-03-23,13950.5,14055.1,13837.15,13941.76
2021-03-24,13942.97,14082.09,13844.19,13983.31
2021-03-25,13971.03,14101.76,13903.68,14034.41
2021-03-26,13999.21,14010.51,13993.94,14005.23
2021-03-29,13969.75,14010.4,13888.99,13929.64
2021-03-30,13930.37,14268.6,13817.82,14156.05
2021-03-31,14215.32,14247.84,14042.61,14075.13
2021-04-01,14035.95,14247.86,13881.76,14093.66
2021-04-02,14093.27,14198.57,13937.91,14043.22
2021-04-05,14030.79,14398.8,13974.04,14342.05
2021-04-06,14306,14411.74,14069.68,14175.42
2021-04-07,14208.18,14628.9,14148.08,14568.8
2021-04-08,14529.33,15139.22,13435.55,14045.45
2021-04-09,14089.47,14254.01,13378.77,13543.32
2021-04-12,13735.22,14250.35,12813.52,13328.65
2021-04-13,13368.93,13551.99,12871.23,13054.3
2021-04-14,13061.23,13394.47,12756.22,13089.46
2021-04-15,13076.2,13135.67,12265.93,12325.4
2021-04-16,12325.24,12841.18,12109.08,12625.02
2021-04-19,12561.64,13181.48,12418.31,13038.16
2021-04-20,13077.51,13226.84,12983.24,13132.58
2021-04-21,13088.11,13398.26,13029.5,13339.66
2021-04-22,13341.69,13472.07,12923.24,13053.62
2021-04-23,13076.83,13233.36,12762.63,12919.15
2021-04-26,12909.38,13074.45,12778.15,12943.23
2021-04-27,13105.33,13332.77,12733.46,12960.89
2021-04-28,12952.01,13297.85,11071.5,11417.34
2021-04-29,11409.13,11668.15,10990.47,11249.5
2021-04-30,11168.96,11761.5,10933.98,11526.52
2021-05-03,11518.8,12399.74,11158.53,12039.47
2021-05-04,11978.25,12018.04,11562.69,11602.47
2021-05-05,11677.52,12285.72,11455.47,12063.67
2021-05-06,12079.45,12238.91,11841,12000.45
2021-05-07,12110.1,12858.63,11800.67,12549.19
2021-05-10,12533.57,12833.77,12117.69,12417.88
2021-05-11,12470.62,12760.29,12307.42,12597.1
2021-05-12,12545.95,12975.7,12357,12786.75
2021-05-13,12892.87,12996.75,12456.72,12560.6
2021-05-14,12551.04,13476.37,12165.87,13091.2
2021-05-17,13074.65,13157.22,12877.82,12960.39
2021-05-18,12987.7,13138.97,12574.4,12725.67
2021-05-19,12752.09,12950.34,12655.1,12853.35
2021-05-20,12886.44,12941.71,12736.89,12792.16
2021-05-21,12700.35,13268.36,12579.54,13147.55
2021-05-24,13187.2,13241.61,12987.24,13041.65
2021-05-25,13007.95,13079.38,12910.65,12982.08
2021-05-26,12997.41,13168.29,12635.54,12806.42
2021-05-27,12772.54,12783.4,12771,12781.85
2021-05-28,12847.9,13065.61,12831.77,13049.48
2021-05-31,13049.05,13131.61,12802.59,12885.16
2021-06-01,12929.35,12974.13,12603.23,12648.01
2021-06-02,12624.97,12881.7,12449.48,12706.21
2021-06-03,12764.16,12991.33,12653.03,12880.2
2021-06-04,12833.84,13237.74,12697.94,13101.83
2021-06-07,13127.16,13150.37,13098.84,13122.05
2021-06-08,13106.99,13249.38,13055.78,13198.17
2021-06-09,13211.36,13636.73,13098.84,13524.2
2021-06-10,13604.91,13713.75,13347.27,13456.11
2021-06-11,13298.27,14581.48,12951.5,14234.71
2021-06-14,14261.99,14714.04,13997.06,14449.11
2021-06-15,14474.83,14588.32,14252.32,14365.81
2021-06-16,14292.12,15087.38,14158.44,14953.7
2021-06-17,14904.79,15755.45,14792.93,15643.59
2021-06-18,15652.28,16368.67,15338.98,16055.37
2021-06-21,15994.76,16042.01,15649.52,15696.76
2021-06-22,15743.54,15860.37,15385.04,15501.87
2021-06-23,15452.95,15804.91,14535.81,14887.76
2021-06-24,14909.61,15377.82,14768.64,15236.84
2021-06-25,15222.82,15589.38,14979.6,15346.15
2021-06-28,15325.81,15531.79,15140.27,15346.25
2021-06-29,15371.36,16083.09,15111.62,15823.34
2021-06-30,15767.14,15915.79,15618.58,15767.24
2021-07-01,15765.5,15990.89,15626.84,15852.24
2021-07-02,15786.09,16162.9,15733.68,16110.49
2021-07-05,16122.24,16407.12,15963.01,16247.9
2021-07-06,16204.78,16205.82,16163.32,16164.36
2021-07-07,16150.66,16423.16,16130.83,16403.33
2021-07-08,16391.69,16753.61,16363.03,16724.95
2021-07-09,16796.35,16798.04,16633.95,16635.64
2021-07-12,16606.4,16807.11,16436.48,16637.19
2021-07-13,16680.92,16852.89,16320.91,16492.88
2021-07-14,16510.76,16998.27,16350.76,16838.28
2021-07-15,16818.68,16998.48,16393.45,16573.25
2021-07-16,16562.38,16950.39,16515.48,16903.49
2021-07-19,16970.26,16972.44,16882.89,16885.07
2021-07-20,16904.64,17037.39,16815.51,16948.27
2021-07-21,16905.22,17084.11,16432.81,16611.7
2021-07-22,16583.3,16640.98,16431.07,16488.74
2021-07-23,16505.4,16634.43,16500.39,16629.42
2021-07-26,16653.18,16666.21,16096.46,16109.49
2021-07-27,16131.81,16346.38,15698.6,15913.17
2021-07-28,15901.55,15967.63,15725.27,15791.35
2021-07-29,15786.91,15871.66,15628.89,15713.64
2021-07-30,15732.27,15857.26,15679.77,15804.76
2021-08-02,15861.98,15866.61,15652.74,15657.37
2021-08-03,15631.75,15830.14,15549.72,15748.11
2021-08-04,15771.32,15816.55,15706.97,15752.2
2021-08-05,15789.68,15836.57,15654.26,15701.14
2021-08-06,15712.35,15877.38,15401.57,15566.6
2021-08-09,15561.76,15999.19,15435.59,15873.01
2021-08-10,15814.13,15828.91,15711.56,15726.33
2021-08-11,15727.2,15875.52,15548.1,15696.41
2021-08-12,15712.96,15860.01,15582.54,15729.59
2021-08-13,15666.25,15835.21,15624.34,15793.31
2021-08-16,15767.04,16347.08,15620.22,16200.26
2021-08-17,16232.59,16662.77,16063.47,16493.65
2021-08-18,16439.14,16454.24,16234.22,16249.32
2021-08-19,16241.24,16442.77,15833.58,16035.11
2021-08-20,15968.5,16174.04,15957.71,16163.25
2021-08-23,16137.38,16253.48,15742.21,15858.31
2021-08-24,15928.18,15953.93,15828.9,15854.65
2021-08-25,15825.39,15931.18,15805.91,15911.71
2021-08-26,15889.92,15947.46,15755.94,15813.48
2021-08-27,15819.51,15962.86,15671.55,15814.9
2021-08-30,15775.77,15782.87,15705.3,15712.4
2021-08-31,15701.05,15811.9,15211.03,15321.87
2021-09-01,15325.35,15553.52,15234.43,15462.6
2021-09-02,15447.31,15457.67,15277.14,15287.49
2021-09-03,15295.21,15389.05,15258.46,15352.3
2021-09-06,15324.64,15680.98,15296.85,15653.19
2021-09-07,15698.91,15704.39,15617.73,15623.21
2021-09-08,15761.33,16808.85,15091.89,16139.4
2021-09-09,16233.26,16387.54,16175.88,16330.15
2021-09-10,16322.81,16388.19,15573.62,15639
2021-09-13,15663.04,15884.68,14518.62,14740.26
2021-09-14,14804.7,15344.88,14181.13,14721.31
2021-09-15,14683.76,15768.28,14441.97,15526.48
2021-09-16,15442.23,16053.7,15187.51,15798.98
2021-09-17,15913.29,16307.82,15719.28,16113.8
2021-09-20,16017.14,16127.74,15808.68,15919.27
2021-09-21,15995.73,16690.07,15604.76,16299.09
2021-09-22,16230.39,16407.45,16117.04,16294.1
2021-09-23,16277.88,16804.57,16238.62,16765.3
2021-09-24,16812.22,17196.49,16588.18,16972.45
2021-09-27,16911.05,17151.49,16657.17,16897.61
2021-09-28,16976.55,17086.41,16603.26,16713.12
2021-09-29,16710.37,16889.26,16600.42,16779.31
2021-09-30,16748.48,17016.95,16576.01,16844.48
2021-10-01,16878.7,17019.42,16807.66,16948.39
2021-10-04,16932.83,17071.5,16805.54,16944.21
2021-10-05,16948.71,17162.02,16897.09,17110.41
2021-10-06,17089.4,17411.64,16792.92,17115.16
2021-10-07,17192.86,17549.3,17018.26,17374.7
2021-10-08,17341.13,17508,17145.77,17312.63
2021-10-11,17315.11,17744.18,17299,17728.07
2021-10-12,17806,17854.03,17685.42,17733.44
2021-10-13,17808.75,17892.03,17544.61,17627.88
2021-10-14,17644.53,17857.95,17287.08,17500.5
2021-10-15,17526.05,17928.89,17312.21,17715.05
2021-10-18,17774.57,17822.48,17626.66,17674.56
2021-10-19,17696.39,17801.67,17473.62,17578.89
2021-10-20,17554.07,18093.32,17507.72,18046.97
2021-10-21,18025.45,18381.99,17919.95,18276.49
2021-10-22,18266.03,18371.34,17866.53,17971.84
2021-10-25,18036.78,18054.26,17870.35,17887.84
2021-10-26,17963.69,18185.63,17888.68,18110.62
2021-10-27,18223.88,18244.1,17981.89,18002.11
2021-10-28,17961.28,18049.99,17857.68,17946.4
2021-10-29,18024.49,18079.57,17965.45,18020.53
2021-11-01,18028,18100.98,17878.81,17951.79
2021-11-02,17932.12,18124.13,17897.07,18089.08
2021-11-03,18078.81,18335.65,17958.1,18214.94
2021-11-04,18176.86,18360.48,17819.53,18003.15
2021-11-05,18024.78,18330.59,17862.37,18168.18
2021-11-08,18190.7,18559.9,18189.67,18558.86
2021-11-09,18555.69,18636.25,18269.12,18349.68
2021-11-10,18387.11,18800.28,18166.77,18579.95
2021-11-11,18485.44,18712.65,18374.03,18601.24
2021-11-12,18636.22,18887.35,18593.81,18844.94
2021-11-15,18899.56,18975.13,18659.21,18734.78
2021-11-16,18753.98,18813.4,18654.48,18713.91
2021-11-17,18694.72,18839.29,18582.19,18726.76
2021-11-18,18707.52,18830.95,18598.49,18721.92
2021-11-19,18752.99,18960.54,18711.8,18919.36
2021-11-22,18978.78,19044.32,18710.2,18775.74
2021-11-23,18793.9,18875.44,18389.23,18470.77
2021-11-24,18527.56,18652.62,18117.98,18243.03
2021-11-25,18254.01,18615.99,18133.55,18495.53
2021-11-26,18513.44,18952.21,18356.83,18795.6
2021-11-29,18729.13,18876.57,18436.08,18583.52
2021-11-30,18600.96,18762.65,18554.94,18716.63
2021-12-01,18730.48,18976.45,18656.89,18902.85
2021-12-02,18902.2,19182.59,18488.56,18768.95
2021-12-03,18753.97,18857.18,18551.75,18654.96
2021-12-06,18588.29,18973.55,18494.32,18879.58
2021-12-07,18916.53,18993.07,18655.11,18731.65
2021-12-08,18757.03,18765.83,18727.5,18736.31
2021-12-09,18807.8,19380.7,18740.43,19313.33
2021-12-10,19417.63,19418.69,19318.88,19319.95
2021-12-13,19341.74,19387.9,19226.47,19272.64
2021-12-14,19256.74,19267.56,18806.37,18817.19
2021-12-15,18804.73,18912.28,18693.2,18800.76
2021-12-16,18824.66,18928.27,18492.41,18596.03
2021-12-17,18580.97,18913.07,18542.73,18874.84
2021-12-20,18955.54,18987.06,18931.91,18963.43
2021-12-21,18938.55,18963.46,18821.03,18845.94
2021-12-22,18923.42,19134.03,18370.95,18581.56
2021-12-23,18521.01,18715.33,18371.69,18566.01
2021-12-24,18547.29,18581.08,18530.8,18564.59
2021-12-27,18567.85,18913.26,18385.84,18731.24
2021-12-28,18736.76,18844.46,18336.65,18444.36
2021-12-29,18475.71,18481.06,18386.12,18391.47
2021-12-30,18417.49,18489.24,18339.52,18411.27
2021-12-31,18382.09,18612.96,18277.9,18508.77
2022-01-03,18504.34,18554.4,18479.25,18529.3
2022-01-04,18498.61,18543.45,18450.96,18495.79
2022-01-05,18514.08,18721.96,18376.57,18584.46
2022-01-06,18628.52,18924.23,18513.15,18808.87
2022-01-07,18885.31,18906.45,18721.71,18742.86
2022-01-10,18677.02,18843.72,18632.92,18799.62
2022-01-11,18732.97,18742.6,18533.84,18543.47
2022-01-12,18473.29,18896.22,18277.41,18700.34
2022-01-13,18662.65,18815.3,18139.79,18292.43
2022-01-14,18308.56,18328.09,18281.47,18301
2022-01-17,18294.56,18439.75,17994.96,18140.15
2022-01-18,18171.58,18429.59,17654.54,17912.55
2022-01-19,17898.62,17929.16,17788.15,17818.7
2022-01-20,17743.08,18407.14,16968.51,17632.57
2022-01-21,17563.58,18506,17285.18,18227.6
2022-01-24,18301.33,18594.52,18262.72,18555.92
2022-01-25,18668.46,18763.08,18120.42,18215.03
2022-01-26,18259.42,18395.03,17727.51,17863.13
2022-01-27,17904.92,18358.48,17784.29,18237.85
2022-01-28,18375.02,18719.87,17710.93,18055.78
2022-01-31,18130.45,18401.54,18021.73,18292.82
2022-02-01,18351.66,18479.13,17835.88,17963.35
2022-02-02,17945.04,18624.11,17717.5,18396.57
2022-02-03,18427.46,18732.57,18411.42,18716.53
2022-02-04,18767.4,18862.48,18496.13,18591.21
2022-02-07,18484.69,19240.18,18419.05,19174.54
2022-02-08,19279.66,19296.28,19075.87,19092.5
2022-02-09,19007.1,19288.47,18686.84,18968.21
2022-02-10,19086.67,19500.01,18912.37,19325.71
2022-02-11,19380.69,20192.68,19001.88,19813.88
2022-02-14,19882.18,20169.94,19871.42,20159.18
2022-02-15,20169.23,20620.36,19943.12,20394.25
2022-02-16,20310.37,20972.96,19927,20589.58
2022-02-17,20749.07,21036.62,20501.62,20789.17
2022-02-18,20594.31,22201.7,19965.2,21572.59
2022-02-21,21712.01,22235.28,21256.11,21779.38
2022-02-22,21711.75,22006.78,21583.73,21878.75
2022-02-23,21828.33,22644.59,21504.91,22321.16
2022-02-24,22353.43,23057.22,22183.16,22886.95
2022-02-25,23075.9,23567.85,21763.84,22255.79
2022-02-28,21996.11,22841.62,21796.78,22642.28
2022-03-01,22513.41,23151.19,22402.27,23040.05
2022-03-02,22995.05,23326.59,22531.21,22862.75
2022-03-03,22810.17,23250.83,22601.39,23042.05
2022-03-04,23176.26,23683.25,22849.39,23356.38
2022-03-07,23296.01,23974.74,23015.98,23694.71
2022-03-08,23711.56,24112.41,23547.98,23948.83
2022-03-09,24030.09,24390.56,23356.76,23717.22
2022-03-10,23649.1,24218.73,23450.53,24020.16
2022-03-11,23947.96,23970.23,23910.64,23932.9
2022-03-14,24109.17,25096.02,23996.93,24983.78
2022-03-15,25148.46,27607.76,23852.31,26311.61
2022-03-16,26220.79,29840.02,24866.77,28486
2022-03-17,28393.43,28618.09,28258.41,28483.06
2022-03-18,28419.59,28460.28,28057.78,28098.47
2022-03-21,28478.54,29489.05,27965.38,28975.89
2022-03-22,28959.18,29692.88,28762.31,29496.01
2022-03-23,29535.71,29588.36,29016.93,29069.57
2022-03-24,29178.27,29368.85,28891.54,29082.12
2022-03-25,28940.78,29507.63,28755.02,29321.86
2022-03-28,29291.56,31497.26,28644.84,30850.54
2022-03-29,31164.33,31279.37,30916.07,31031.11
2022-03-30,30882.66,31589.29,30065.02,30771.65
2022-03-31,30847.28,30932.42,30798.65,30883.78
2022-04-01,31063.32,31388.22,30385.4,30710.3
2022-04-04,30555.69,30905.24,30361.56,30711.11
2022-04-05,30779.03,31022.84,30725.02,30968.82
2022-04-06,31061.69,31524.68,30859.77,31322.77
2022-04-07,31423.53,31906.49,31382.2,31865.16
2022-04-08,31741.4,31940.08,31570.99,31769.67
2022-04-11,31752.49,32272.74,31533.38,32053.63
2022-04-12,32014.31,32350.36,31835.7,32171.74
2022-04-13,32126.56,32885.95,31922.98,32682.37
2022-04-14,32765.67,32781.57,32427.77,32443.67
2022-04-15,32414.39,32948.19,32274.9,32808.7
2022-04-18,32986,33143.52,32283.92,32441.45
2022-04-19,32390.65,32825.69,32096.75,32531.79
2022-04-20,32575.48,32609.19,32172.94,32206.65
2022-04-21,32172.49,32518.12,31895.35,32240.98
2022-04-22,32196.53,32215.73,31353.53,31372.73
2022-04-25,31330.74,31925.38,30993.23,31587.87
2022-04-26,31553.15,32576.29,31308.08,32331.22
2022-04-27,32388.44,32405.75,31928.34,31945.66
2022-04-28,31906.33,31934.26,31101.99,31129.92
2022-04-29,31158.08,31353.35,30903.85,31099.12
2022-05-02,31182.37,31388.5,30910.86,31116.99
2022-05-03,31150.43,31226.16,31049.44,31125.17
2022-05-04,31072.24,31122.57,30956.93,31007.27
2022-05-05,31002.46,31531.56,31001.55,31530.66
2022-05-06,31493.27,31790.67,31276.72,31574.12
2022-05-09,31496.66,31940.19,31444.98,31888.52
2022-05-10,31929.85,32770.56,31773.55,32614.26
2022-05-11,32627.68,32742.23,31685.35,31799.9
2022-05-12,31757.85,32217.62,31612.36,32072.14
2022-05-13,32065.09,32916.4,31379.63,32230.95
2022-05-16,32245.83,32711.26,32020.92,32486.34
2022-05-17,32523.55,32919.26,32423.27,32818.98
2022-05-18,32854.25,34169.18,32791.39,34106.31
2022-05-19,34191.91,34296.8,34152.76,34257.65
2022-05-20,34175.9,34842.64,34113.19,34779.94
2022-05-23,34812.38,35107.64,34130.73,34425.99
2022-05-24,34364.61,34579.67,34332.98,34548.05
2022-05-25,34548.94,34669.81,34441.65,34562.52
2022-05-26,34724.42,35644.96,34455.42,35375.97
2022-05-27,35442.35,35766.19,35308.11,35631.96
2022-05-30,35698.19,35871.15,35224.37,35397.34
2022-05-31,35491.22,35877.46,34777.77,35164
2022-06-01,35362.47,35557.23,35313.15,35507.9
2022-06-02,35387.13,35677.41,35227.34,35517.62
2022-06-03,35647.18,35730.04,34005.44,34088.3
2022-06-06,33928.14,34338.04,32812.23,33222.13
2022-06-07,33210.21,33293.56,31850.57,31933.92
2022-06-08,31696.55,32904.56,31293.85,32501.86
2022-06-09,32385.55,32798.18,31486.79,31899.42
2022-06-10,31839.87,32168.71,31073.71,31402.55
2022-06-13,31353.54,31458.98,31156.6,31262.04
2022-06-14,31148.3,31427.63,30531.1,30810.43
2022-06-15,30804.33,32060.56,30455.3,31711.52
2022-06-16,31325.02,33183.38,29822.83,31681.2
2022-06-17,31819.16,31865,31783.98,31829.81
2022-06-20,32337.09,32452.41,30850.08,30965.4
2022-06-21,30691.81,31694.59,30190.94,31193.72
2022-06-22,31076.15,31102.1,30076.29,30102.24
2022-06-23,30291.6,30338.14,28930.75,28977.3
2022-06-24,28791.88,29183.55,27019.71,27411.38
2022-06-27,27450.69,28990.85,27081.81,28621.97
2022-06-28,28763.8,30169.06,28122,29527.27
2022-06-29,29755.89,31444.09,28616.02,30304.22
2022-06-30,30387.53,31835.07,29970.05,31417.59
2022-07-01,31238.01,32653.45,31023.69,32439.14
2022-07-04,32466.53,33516.82,32442.09,33492.38
2022-07-05,33486.97,33516.02,33457.5,33486.55
2022-07-06,33353.36,33772.56,33304.33,33723.54
2022-07-07,33696.63,34153.48,32754.96,33211.81
2022-07-08,33337.63,34061.26,31433.12,32156.76
2022-07-11,32210.44,32520.28,31627.58,31937.42
2022-07-12,31905.69,32386.84,31339.04,31820.19
2022-07-13,31898,31994,30897.96,30993.96
2022-07-14,31060.79,31613.73,30768.46,31321.4
2022-07-15,31483.84,32165.07,31185.07,31866.3
2022-07-18,31825.01,31904.92,31278.7,31358.6
2022-07-19,31236.67,32183.14,30738.17,31684.63
2022-07-20,31665.94,32647.23,31476.86,32458.15
2022-07-21,32429.79,32935.4,32367.98,32873.6
2022-07-22,32729.62,33328.93,32691.32,33290.63
2022-07-25,33188.28,33733.31,33119.14,33664.18
2022-07-26,33654.32,34228.3,33600.63,34174.61
2022-07-27,34247.35,34424.01,33958.07,34134.73
2022-07-28,34060.52,34820.78,33874.93,34635.2
2022-07-29,34727.88,34764.94,34139.53,34176.59
2022-08-01,34045.09,34484.02,33866.5,34305.43
2022-08-02,34253.75,34417.17,33618.26,33781.68
2022-08-03,33708.28,33837.66,33362.11,33491.49
2022-08-04,33509.15,33815.05,32972.24,33278.13
2022-08-05,33219.21,33530.19,32935.24,33246.22
2022-08-08,33222.38,33349.97,32787.53,32915.11
2022-08-09,33065.57,33482.97,32683.45,33100.85
2022-08-10,33050.09,33683.73,32776.25,33409.89
2022-08-11,33515.62,33754.88,33406.22,33645.49
2022-08-12,33583.23,33924.05,33226.2,33567.01
2022-08-15,33731.73,34146.33,33614.87,34029.48
2022-08-16,34067.51,34505.24,33849.96,34287.69
2022-08-17,34342.63,34541.55,34168.38,34367.3
2022-08-18,34419.2,34484.14,34279.99,34344.93
2022-08-19,34359.97,34760.99,34019.17,34420.19
2022-08-22,34493.83,34952.05,34089.78,34548
2022-08-23,34510.95,34669.83,34299.18,34458.07
2022-08-24,34550.51,34772.31,33540.76,33762.55
2022-08-25,33763.38,34498.38,33311.55,34046.55
2022-08-26,34131.17,34264,34116.76,34249.59
2022-08-29,34139.68,34387.52,34108.54,34356.37
2022-08-30,34302.71,34658.67,34127.08,34483.03
2022-08-31,34458.13,34710.07,33738.77,33990.71
2022-09-01,34014.16,34943.3,33615.65,34544.79
2022-09-02,34571.33,35589.65,34320.67,35338.99
2022-09-05,35225.38,35943.01,35045.28,35762.91
2022-09-06,35738.56,36951.89,35110.97,36324.3
2022-09-07,36289.04,36327.76,35890.01,35928.72
2022-09-08,36055.13,36099.46,35592.04,35636.37
2022-09-09,35507.61,36018.96,35110.8,35622.15
2022-09-12,35621.41,36090.73,35528.27,35997.59
2022-09-13,36048.53,36590.93,34649.68,35192.08
2022-09-14,35246.25,35542.75,35089.82,35386.32
2022-09-15,35393.87,35734.45,35156.01,35496.58
2022-09-16,35552.75,35907.54,34936.2,35290.99
2022-09-19,35377.99,35532.65,34330.79,34485.44
2022-09-20,34570.95,34801.44,34225.64,34456.13
2022-09-21,34538.04,34740,33993.49,34195.45
2022-09-22,34332.71,34503.41,33644.43,33815.13
2022-09-23,33739.02,34185.11,33494.71,33940.8
2022-09-26,33946.63,34408.02,33624.25,34085.64
2022-09-27,33983.34,34603.38,32999.97,33620.01
2022-09-28,33520.75,34048.69,32801.4,33329.34
2022-09-29,33214.94,33735.5,32731.97,33252.53
2022-09-30,33265.27,33452.53,33188.8,33376.06
2022-10-03,33377.61,33441.99,33225.72,33290.11
2022-10-04,33115.78,33377.78,32929.02,33191.03
2022-10-05,33229.71,33665.18,33227.45,33662.92
2022-10-06,33653.53,34369.03,33337.88,34053.38
2022-10-07,33942.04,34497.45,33804.71,34360.11
2022-10-10,34267.98,34521.71,33978.06,34231.79
2022-10-11,34288.99,34835.21,34141.77,34687.99
2022-10-12,34760.19,34856.4,34482.47,34578.68
2022-10-13,34566.39,34836.25,34504.46,34774.31
2022-10-14,34685.06,35003.64,34669.43,34988.01
2022-10-17,35112.55,35273.03,34916.61,35077.08
2022-10-18,35050.04,35166.64,34727.38,34843.98
2022-10-19,34904.22,35515.43,34520.65,35131.86
2022-10-20,34986.8,35053.77,34750.53,34817.5
2022-10-21,34795.56,35106.44,34792.37,35103.25
2022-10-24,35153.68,35412.95,35017.38,35276.65
2022-10-25,35262.52,36132.48,34868.27,35738.23
2022-10-26,35773.35,35925.98,35672.8,35825.43
2022-10-27,35889.31,36701.02,35778.46,36590.18
2022-10-28,36473.07,36969.78,36280.06,36776.77
2022-10-31,36816.26,36904.55,36542.52,36630.81
2022-11-01,36690.39,36927.05,35598.16,35834.82
2022-11-02,35809.74,36328.53,35459.97,35978.76
2022-11-03,36041.64,36308.06,35314.47,35580.89
2022-11-04,35765.2,35878.7,35740.62,35854.12
2022-11-07,35997.13,36333.3,35814.78,36150.95
2022-11-08,36107.32,36329.45,35981.12,36203.26
2022-11-09,36182.29,36873.69,35753.51,36444.91
2022-11-10,36319.57,36737.77,35987.82,36406.02
2022-11-11,36308.99,36389.82,36258.44,36339.27
2022-11-14,36289.12,37017.55,36000.49,36728.91
2022-11-15,36775.48,37069.62,36239.21,36533.34
2022-11-16,36456.38,36656.94,36017.54,36218.1
2022-11-17,36252.78,36445.99,35781.45,35974.67
2022-11-18,35950.54,36118.11,35713.79,35881.35
2022-11-21,35738.08,35882.82,35144.63,35289.36
2022-11-22,35304.43,36138.16,35108.88,35942.61
2022-11-23,36006,36077,35596.61,35667.61
2022-11-24,35705.5,36152.77,35394.74,35842.01
2022-11-25,35715.55,36031.52,35642.3,35958.27
2022-11-28,36071.08,36168.3,35354.3,35451.52
2022-11-29,35415.3,36364.64,35318.91,36268.25
2022-11-30,36245.86,36319.98,35490.73,35564.85
2022-12-01,35619.47,35757.46,35223.09,35361.08
2022-12-02,35298.11,35449.45,35228.2,35379.54
2022-12-05,35368.52,36111.61,34909.46,35652.55
2022-12-06,35690.52,36116.84,35409.43,35835.75
2022-12-07,35994.48,36786.42,35923.47,36715.42
2022-12-08,36669.95,36868.48,36611.75,36810.28
2022-12-09,36920.57,37299.08,36682.02,37060.53
2022-12-12,37049.68,37081.56,36591.1,36622.99
2022-12-13,36538.04,37256.29,36207.4,36925.65
2022-12-14,36802.2,37219.25,36587.89,37004.93
2022-12-15,36980.29,37272.92,36590.3,36882.93
2022-12-16,36901.28,37542.02,36612.08,37252.83
2022-12-19,37267.61,37804.75,37114.11,37651.25
2022-12-20,37637.37,37674.92,37090.88,37128.43
2022-12-21,37041.36,37139.61,36726.56,36824.81
2022-12-22,36797.1,37307.82,36305.51,36816.23
2022-12-23,36742.6,37395.98,36458.58,37111.96
2022-12-26,37054.9,37079.91,36578.35,36603.36
2022-12-27,36590.97,36934.52,35831.61,36175.16
2022-12-28,36188.3,36287.19,35873.23,35972.12
2022-12-29,35999.1,36215.41,35392.67,35608.99
2022-12-30,35696.21,35747.38,35625.07,35676.24
2023-01-02,35674.91,36539.93,35519.24,36384.26
2023-01-03,36453.05,36554.25,35561.41,35662.61
2023-01-04,35662.21,35784.02,35402.68,35524.49
2023-01-05,35622.94,35859.67,35366.4,35603.13
2023-01-06,35722.18,36058.17,35334.23,35670.22
2023-01-09,35625.46,35863.74,35013.82,35252.1
2023-01-10,35242.97,35244.99,34792.93,34794.94
2023-01-11,34761.91,34885.71,34458.29,34582.1
2023-01-12,34601.23,34662.84,34209.41,34271.02
2023-01-13,34341.51,34380.72,33946.8,33986
2023-01-16,34059.9,34214.43,33774.84,33929.37
2023-01-17,33858.14,33896.91,33452.46,33491.23
2023-01-18,33406.44,33660.79,32794.11,33048.46
2023-01-19,33119.1,33287.67,33030.44,33199.01
2023-01-20,33168.94,33655.44,33035.83,33522.33
2023-01-23,33421.54,33854.85,32952.07,33385.38
2023-01-24,33311.96,34037.44,32869.23,33594.71
2023-01-25,33533.19,33844.57,33108.25,33419.63
2023-01-26,33263.7,33428.16,32880.38,33044.84
2023-01-27,33095.86,33456.15,32463.83,32824.13
2023-01-30,32990.18,33021.32,32789.63,32820.77
2023-01-31,32788.08,32838.68,32693.16,32743.77
2023-02-01,32755.71,32992.28,32627.23,32863.8
2023-02-02,32790.08,32946.13,32753.14,32909.19
2023-02-03,32891.05,33394.08,32115.33,32618.36
2023-02-06,32664.23,32745.65,32188.94,32270.36
2023-02-07,32183.86,32196.15,32136.87,32149.16
2023-02-08,32278.5,33093.42,32174.74,32989.66
2023-02-09,33042.86,33105.5,32979.13,33041.77
2023-02-10,33047.8,33262.4,32798.78,33013.38
2023-02-13,33056.48,33158.28,32696.44,32798.24
2023-02-14,32974.04,32974.65,32552.03,32552.64
2023-02-15,32431.77,32524.79,32263.65,32356.67
2023-02-16,32427.19,33054.18,32328.8,32955.8
2023-02-17,33006.55,33886.2,32720.78,33600.43
2023-02-20,33589.29,34103.05,33081.25,33595.01
2023-02-21,33562.58,34203.89,33345.8,33987.11
2023-02-22,34125.76,34277.54,33334.47,33486.26
2023-02-23,33588.03,33712.27,33367.43,33491.67
2023-02-24,33518.89,34372.38,33296.9,34150.39
2023-02-27,34057.62,34472.51,33941.27,34356.15
2023-02-28,34339.12,34472.59,34191.21,34324.67
2023-03-01,34253.77,35017.76,34060.45,34824.44
2023-03-02,34797.04,34938.83,34667.81,34809.59
2023-03-03,34742.35,35459.48,34718.35,35435.47
2023-03-06,35391.52,35456.3,35216.75,35281.54
2023-03-07,35283.44,36241.71,34971.67,35929.94
2023-03-08,35992.51,36111.02,35604.68,35723.2
2023-03-09,35703.76,35827.67,35356.61,35480.52
2023-03-10,35579.41,35841.52,35428.76,35690.88
2023-03-13,35645.94,35741.84,35632.25,35728.14
2023-03-14,35880.06,35999.25,35403.73,35522.92
2023-03-15,35506.72,36421.87,35483.27,36398.42
2023-03-16,36430.71,37680.46,36137.7,37387.45
2023-03-17,37309.31,38292.52,36855.43,37838.63
2023-03-20,37912.63,38181.29,37767.26,38035.92
2023-03-21,38134.65,38225.26,37254.42,37345.03
2023-03-22,37531.89,37826.47,37529.74,37824.32
2023-03-23,37840.56,38020.35,37608.17,37787.96
2023-03-24,37766.91,38066.91,36766.32,37066.32
2023-03-27,37186.68,37644.05,36743.37,37200.73
2023-03-28,37155.94,37461.22,36744.62,37049.9
2023-03-29,36964.89,37070.11,36913.38,37018.6
2023-03-30,37117.66,37330.47,37077.31,37290.12
2023-03-31,37234.17,37762.97,37049.53,37578.33
2023-04-03,37524.65,38482.84,37096.56,38054.75
2023-04-04,38003.3,38040.7,37904.14,37941.55
2023-04-05,38059.55,38234.67,37681.02,37856.14
2023-04-06,37960.2,38245.76,37819.7,38105.27
2023-04-07,38037.46,38741.12,37925.78,38629.44
2023-04-10,38572.56,38825.22,38172.77,38425.44
2023-04-11,38094.91,39315.29,37849.73,39070.12
2023-04-12,39303.38,39465.23,37968.23,38130.08
2023-04-13,38202.03,38476.33,37878.51,38152.81
2023-04-14,38106.73,39150.68,37940.23,38984.18
2023-04-17,38657.9,39412.08,38315.34,39069.52
2023-04-18,39176.53,40662.21,38726.18,40211.85
2023-04-19,40051.67,40270.36,39819.42,40038.1
2023-04-20,39990.8,41106.6,39761.3,40877.09
2023-04-21,40860.16,41157.57,39579.35,39876.76
2023-04-24,39950.35,40012.75,39376.77,39439.17
2023-04-25,39556.13,40374.53,39433.61,40252.01
2023-04-26,40275.51,41117.88,39585.86,40428.22
2023-04-27,40401.05,41508.55,40151.77,41259.27
2023-04-28,41313.05,42080.65,41301.38,42068.98
2023-05-01,42306.14,43155.79,42034.95,42884.59
2023-05-02,42850.38,42957.07,42770.66,42877.35
2023-05-03,42716.88,43489.55,41983.36,42756.03
2023-05-04,42665.68,42931.38,41928.64,42194.34
2023-05-05,42361.43,42846.23,41974.49,42459.3
2023-05-08,42550.24,43731.87,42182.28,43363.91
2023-05-09,43409.51,43695.65,43358.52,43644.67
2023-05-10,43595,44035.3,42846.2,43286.5
2023-05-11,43286.17,43518.75,42368.89,42601.46
2023-05-12,42517.73,43495.49,41988.06,42965.82
2023-05-15,43111.45,43322.28,42664.33,42875.16
2023-05-16,42925.25,44094.36,42901.37,44070.47
2023-05-17,43902.45,44283.33,43818.78,44199.67
2023-05-18,44085.71,45470.38,43277.58,44662.25
2023-05-19,44709.82,45781.03,44258.05,45329.26
2023-05-22,45438.29,45690.1,44794.83,45046.65
2023-05-23,45063.73,45408.6,44085.28,44430.14
2023-05-24,44363.17,44721.65,44163.94,44522.42
2023-05-25,44602.47,44943.94,44010.42,44351.89
2023-05-26,44490.33,44595.99,44481.27,44586.93
2023-05-29,44460.36,45125.5,43814.49,44479.63
2023-05-30,44427.68,45112.51,43603.68,44288.51
2023-05-31,44365.81,45176.33,44224.46,45034.98
2023-06-01,45256.67,45608.22,44915.67,45267.21
2023-06-02,45158.29,46481.81,45066.99,46390.51
2023-06-05,46311.19,47471.47,45669.61,46829.88
2023-06-06,47086.73,47345.95,45814.41,46073.63
2023-06-07,46112.93,47508.75,42967.32,44363.14
2023-06-08,44146.92,44666.88,42595.54,43115.49
2023-06-09,43126.01,43925.33,42481.46,43280.79
2023-06-12,43311.9,44052.17,42438.68,43178.95
2023-06-13,43333.59,44844.59,42389.91,43900.92
2023-06-14,44027.9,44620.83,42237.3,42830.23
2023-06-15,42914.46,44966.57,42387.02,44439.13
2023-06-16,44091.05,44387.67,43709.9,44006.52
2023-06-19,44025.5,44074.87,43528.04,43577.41
2023-06-20,43791.17,44155.98,41300.13,41664.95
2023-06-21,41747.53,42599.44,40745.42,41597.34
2023-06-22,41519.87,41850.55,39924.71,40255.39
2023-06-23,40289.12,40968.85,39921.65,40601.39
2023-06-26,40512.8,41851.17,39813.9,41152.27
2023-06-27,41097.2,41272.54,40655.02,40830.36
2023-06-28,40732.84,41805.37,40273.35,41345.88
2023-06-29,41419.87,41872.72,40931.73,41384.58
2023-06-30,41292.2,42391.29,40418.43,41517.52
2023-07-03,41723.12,42761.14,41406.59,42444.6
2023-07-04,42687.77,43086.92,42670.17,43069.32
2023-07-05,43083.78,43579.48,42513.64,43009.34
2023-07-06,43069.65,43262.38,42710.28,42903.02
2023-07-07,42705.28,43033.98,41713.76,42042.46
2023-07-10,41614.39,42550.79,40086.46,41022.87
2023-07-11,40857.98,42281.25,40360.92,41784.19
2023-07-12,42224.86,43751.9,41329.69,42856.73
2023-07-13,43294.21,43913.23,42967.04,43586.07
2023-07-14,43523.94,44368.15,43405.51,44249.72
2023-07-17,44119,44564.94,43387.46,43833.41
2023-07-18,43850.89,44865.24,42491.69,43506.03
2023-07-19,43567.77,43624.81,42436.87,42493.91
2023-07-20,42570.74,42940.01,41435.81,41805.08
2023-07-21,41718.47,41898,40821.82,41001.34
2023-07-24,40942.65,41467.38,40709.93,41234.67
2023-07-25,41262.38,41483.11,41002.94,41223.66
2023-07-26,41263.72,42696.66,40759.14,42192.08
2023-07-27,42317.51,42849.73,40472.01,41004.23
2023-07-28,41100.3,41265.49,39961.17,40126.36
2023-07-31,39957.69,40889.5,39497.6,40429.4
2023-08-01,40324.51,40653.26,39957.16,40285.91
2023-08-02,40408.65,42099.4,40014.67,41705.41
2023-08-03,41652.95,41716.7,41231.65,41295.4
2023-08-04,41385.31,42103.09,40808.36,41526.14
2023-08-07,41389.65,42054.56,40319.8,40984.71
2023-08-08,40983.19,41319.87,40716.16,41052.83
2023-08-09,41109.93,41759.9,41109.67,41759.65
2023-08-10,41903.02,42303.32,41364.45,41764.75
2023-08-11,41871.34,42322.6,41044.4,41495.66
2023-08-14,41495.51,41911.41,40795.95,41211.85
2023-08-15,41325.19,42648.99,40848.79,42172.59
2023-08-16,42323.08,42580.45,42171.78,42429.15
2023-08-17,42508.2,43111.35,42451.58,43054.72
2023-08-18,43051,43551.62,42824.55,43325.16
2023-08-21,43205.79,43785.48,43179.8,43759.49
2023-08-22,43952.52,43993.05,43773.32,43813.85
2023-08-23,43885.42,44901.27,43390.28,44406.12
2023-08-24,44535.05,44694.89,43999.65,44159.49
2023-08-25,44061.68,44594.25,43948.09,44480.66
2023-08-28,44445.69,44692.3,43105.44,43352.04
2023-08-29,43460.98,43747.11,43412.76,43698.89
2023-08-30,43528,44694.27,43268.02,44434.29
2023-08-31,44496.15,44549.98,44477.85,44531.68
2023-09-01,44561.9,44586.9,44067.6,44092.6
2023-09-04,44019.58,44304.78,43047.14,43332.34
2023-09-05,43356.84,43582.96,43177.77,43403.89
2023-09-06,43428.94,43773.11,43309.44,43653.61
2023-09-07,43585.82,44470.63,43294.24,44179.04
2023-09-08,44283.46,44346.57,43523.09,43586.2
2023-09-11,43674.54,43787.9,43499.77,43613.13
2023-09-12,43685.56,44423.41,43185.7,43923.55
2023-09-13,44120.58,44526.7,43355.9,43762.02
2023-09-14,43969.13,44469.59,43798.36,44298.82
2023-09-15,44389.44,45485.06,43974.38,45070
2023-09-18,44968.27,45035.36,44898.19,44965.28
2023-09-19,44816.07,44870.69,44799.29,44853.92
2023-09-20,45005.77,45978.1,44978.01,45950.34
2023-09-21,45956.96,46778.3,45212.89,46034.23
2023-09-22,46060.78,46101.05,45459.27,45499.54
2023-09-25,45686.61,45791.79,45066.28,45171.47
2023-09-26,45092.93,45367.59,43995.02,44269.68
2023-09-27,44307.49,44707.24,43401.02,43800.78
2023-09-28,43783.9,44399.48,43445.79,44061.37
2023-09-29,43958.68,44628.12,43836.08,44505.53
2023-10-02,44412.9,45601.07,44080.43,45268.6
2023-10-03,45229.46,45942.29,42496.59,43209.42
2023-10-04,43340.74,45394.12,43221.18,45274.56
2023-10-05,45465.64,47394.61,44039.06,45968.03
2023-10-06,45890.25,46096.26,45358.21,45564.22
2023-10-09,45396,46547.49,45265.57,46417.06
2023-10-10,46360.73,46729.28,44275.93,44644.47
2023-10-11,44852,45479.27,44201.21,44828.47
2023-10-12,45149.44,46203.08,43868.37,44922.02
2023-10-13,44984.73,45766.72,43964.34,44746.32
2023-10-16,44936.06,45193.56,44843.42,45100.92
2023-10-17,45026.71,46198.44,44693.03,45864.76
2023-10-18,45815.84,46374.96,44108.69,44667.8
2023-10-19,44577.9,45135.5,44038.37,44595.97
2023-10-20,44531.92,45084.35,43004.05,43556.48
2023-10-23,43730.15,44414.71,43371,44055.56
2023-10-24,43085.01,43626.48,42819.7,43361.17
2023-10-25,43066.34,43668.39,40721.55,41323.6
2023-10-26,41075.73,41543.74,38438.78,38906.79
2023-10-27,38369.66,39364.08,34403.25,35397.67
2023-10-30,35330.51,35715.27,33688.96,34073.72
2023-10-31,34030.22,34132.63,33585.64,33688.06
2023-11-01,33135.52,34066.88,32701.13,33632.49
2023-11-02,33843.96,39867.29,32767.18,38790.51
2023-11-03,39495.06,41063.55,37165.95,38734.44
2023-11-06,38646.67,39979.73,34037.8,35370.86
2023-11-07,35809.19,40677.37,34838.27,39706.46
2023-11-08,40408.22,44694.57,39750.24,44036.59
2023-11-09,43877.15,45840,40487.47,42450.32
2023-11-10,41749.3,42917.8,41092.02,42260.52
2023-11-13,42592.97,43238,40624.86,41269.89
2023-11-14,41454.82,42289.38,40594.99,41429.55
2023-11-15,41528.26,43914.61,40799.61,43185.96
2023-11-16,43181.99,44060.64,42426.45,43305.1
2023-11-17,43309.96,43681.11,37934.78,38305.93
2023-11-20,38325.47,38608.4,37808.42,38091.34
2023-11-21,38015.17,38446.07,37916.74,38347.63
2023-11-22,38474.54,38829.7,37725.04,38080.2
2023-11-23,37956.91,40126.97,37884.09,40054.15
2023-11-24,40158.04,40313.69,38918.97,39074.62
2023-11-27,38894.01,39794.61,38309.46,39210.06
2023-11-28,39044.81,39259.19,38085.41,38299.79
2023-11-29,37923.7,38701.68,35492.21,36270.19
2023-11-30,36398.21,37014.32,36142.19,36758.3
2023-12-01,37016.52,37867.12,36798.62,37649.21
2023-12-04,37574.21,37913.1,36620.18,36959.06
2023-12-05,36962.85,37441.98,36751.85,37230.97
2023-12-06,37105.51,37433.86,35685.67,36014.02
2023-12-07,36120.83,36374.95,35645.65,35899.76
2023-12-08,35929.58,36106.94,35810.98,35988.33
2023-12-11,35957.37,36677.94,35601.93,36322.5
2023-12-12,36333.69,37332.39,35827.95,36826.65
2023-12-13,36749.22,36939.26,36501.11,36691.15
2023-12-14,36802.8,37277.3,36686.27,37160.77
2023-12-15,37269.99,37935.67,36600.4,37266.08
2023-12-18,37381.29,37659.07,36267.07,36544.84
2023-12-19,36629.97,36761.12,36320.2,36451.34
2023-12-20,36410.48,36748.8,36242.33,36580.65
2023-12-21,36702.22,36903.73,35637.42,35838.93
2023-12-22,35954.54,36020.04,35404.75,35470.25
2023-12-25,35515.19,35794.2,35426.75,35705.76
2023-12-26,35671.85,36004.45,35462.65,35795.25
2023-12-27,35783.99,35846.04,35346.5,35408.55
2023-12-28,35380.63,35527.26,35245.17,35391.79
2023-12-29,35397.53,35682.31,35078.92,35363.71
2024-01-01,35414.88,36054.82,35381.52,36021.47
2024-01-02,36035.65,36162.83,35437.12,35564.31
2024-01-03,35494.75,35927.55,34825.81,35258.6
2024-01-04,35299.44,35561.69,35057.75,35320
2024-01-05,35460.42,35860.15,35310.01,35709.74
2024-01-08,35661.1,36035.38,35623.52,35997.8
2024-01-09,35875.3,36099.38,35724.57,35948.65
2024-01-10,36071.78,36253.03,36052.16,36233.41
2024-01-11,36260.75,36643.26,35604.38,35986.89
2024-01-12,35954.47,36027.22,35821.98,35894.73
2024-01-15,35966.27,36158.57,35623.92,35816.22
2024-01-16,35849.88,36856.32,35483.78,36490.23
2024-01-17,36447.66,36481.66,36433.27,36467.27
2024-01-18,36443.46,36924.29,36324.94,36805.77
2024-01-19,36855.12,37082.97,36732.23,36960.08
2024-01-22,37072.61,37528.56,35866.86,36322.81
2024-01-23,36370.43,36505.03,35935.95,36070.55
2024-01-24,36125.09,36686.92,35283.8,35845.63
2024-01-25,35721.53,35848.22,35465.29,35591.99
2024-01-26,35681.23,35846.61,35633.7,35799.09
2024-01-29,35841.63,36134.86,35227.46,35520.69
2024-01-30,35442.69,35677.79,35295.69,35530.79
2024-01-31,35701.87,36631.53,35159.72,36089.38
2024-02-01,36081.84,36198.84,35438.03,35555.03
2024-02-02,35579.13,35717.76,35449.51,35588.14
2024-02-05,35661.34,36348,35009.93,35696.59
2024-02-06,35789.06,36190.5,34798.46,35199.91
2024-02-07,35420.87,35545.68,35273.63,35398.45
2024-02-08,35339.53,36393.34,35134.43,36188.25
2024-02-09,36163.78,36829.8,35912.6,36578.62
2024-02-12,36452.79,37067.12,36386.24,37000.57
2024-02-13,37159.79,37405.01,36484.5,36729.72
2024-02-14,36759.01,36807.72,36497.51,36546.23
2024-02-15,36520.82,36595.8,36363.15,36438.13
2024-02-16,36365.9,37060.11,35966.68,36660.89
2024-02-19,36718.18,36852.46,36498.68,36632.95
2024-02-20,36667.52,37595.77,36415.97,37344.22
2024-02-21,37361.57,37418.82,36767.27,36824.52
2024-02-22,36826.14,37334.38,36269.48,36777.72
2024-02-23,36776.04,37282.22,36456.46,36962.64
2024-02-26,37021.85,37460.85,36757.3,37196.3
2024-02-27,37217.02,37454.59,36073.98,36311.54
2024-02-28,36291.82,36645.52,35707.78,36061.48
2024-02-29,36169.79,37028.51,35986.57,36845.29
2024-03-01,36619.49,37273.38,34663.72,35317.61
2024-03-04,35170.85,36144.07,34401.97,35375.2
2024-03-05,35721.13,37169.8,34796.72,36245.39
2024-03-06,36060.27,37317.11,35101.25,36358.1
2024-03-07,36324.88,38325.24,35843.94,37844.3
2024-03-08,38246.8,38857.97,36724.52,37335.69
2024-03-11,37319.58,37795.96,36861.41,37337.78
2024-03-12,37350.3,37610.43,35750.03,36010.16
2024-03-13,35940.45,36068.57,35640.15,35768.27
2024-03-14,35963.99,36085.67,34100.6,34222.28
2024-03-15,33884.73,34196.98,33487.22,33799.47
2024-03-18,33883.61,34609.97,32831.52,33557.89
2024-03-19,33538.27,33610.03,33319.09,33390.85
2024-03-20,33369.04,33373.81,33331.67,33336.44
2024-03-21,33241.77,33777.86,32291.73,32827.82
2024-03-22,32772.56,33432.02,32087.25,32746.71
2024-03-25,32712.58,33083.22,31017.51,31388.15
2024-03-26,31434.68,32006.65,30198.51,30770.48
2024-03-27,30700.04,30876.58,30632.41,30808.95
2024-03-28,30887.16,31076.21,29601.09,29790.14
2024-03-29,30004.66,30106.2,28867.1,28968.64
2024-04-01,28802.93,29403.57,28759,29359.64
2024-04-02,29341.55,29406.2,28821.25,28885.9
2024-04-03,28863.82,29063.81,28027.72,28227.7
2024-04-04,28306.18,28387.16,27873.59,27954.56
2024-04-05,27904.79,28124.1,27528.88,27748.2
2024-04-08,27761.81,28023.17,27657.16,27918.52
2024-04-09,27929.92,28128.63,27334.52,27533.22
2024-04-10,27476.48,28021.49,27406.5,27951.52
2024-04-11,27842.68,27959.15,27563.92,27680.39
2024-04-12,27629.82,27646.13,27358.31,27374.62
2024-04-15,27324.23,27948.77,27071.02,27695.56
2024-04-16,27683.27,28192.65,27330,27839.37
2024-04-17,27677.71,28436.49,27477.59,28236.37
2024-04-18,28174.4,28625.85,28007.45,28458.9
2024-04-19,28526.62,28967.51,28512.95,28953.84
2024-04-22,29033.54,29035.07,28643.66,28645.19
2024-04-23,28639.79,29388.29,28622.07,29370.57
2024-04-24,29323.91,29523.34,29256.41,29455.83
2024-04-25,29400.52,29429.4,28912.56,28941.45
2024-04-26,28943.32,29047.91,28866.73,28971.32
2024-04-29,29043.02,29335.7,28304.05,28596.74
2024-04-30,28543.51,28585.6,28327.08,28369.17
2024-05-01,28339.59,28407.56,28277.74,28345.72
2024-05-02,28439.52,28916.58,28240.89,28717.95
2024-05-03,28756.67,29073.82,28620.36,28937.51
2024-05-06,28987.11,29021.73,28523.37,28557.98
2024-05-07,28533.74,28650.46,28393.86,28510.57
2024-05-08,28643.83,28906.07,27767.37,28029.61
2024-05-09,28189.51,28612.63,28005.67,28428.79
2024-05-10,28459.13,29009.98,28182.05,28732.91
2024-05-13,28718.74,28875.58,28191.68,28348.53
2024-05-14,28338.63,28571.92,28251.63,28484.92
2024-05-15,28354.03,28988.21,28161.35,28795.53
2024-05-16,28756.95,28990.39,28313.45,28546.89
2024-05-17,28518.72,28663.39,28326.08,28470.74
2024-05-20,28535.53,28935.83,28487.52,28887.82
2024-05-21,28869.15,28945.37,28796.24,28872.46
2024-05-22,28868.76,29167.41,28794.74,29093.39
2024-05-23,29050.55,29195.03,28638.34,28782.82
2024-05-24,28831.59,29034.55,28649.3,28852.26
2024-05-27,28919.91,29257.61,28151.5,28489.21
2024-05-28,28552.71,28798.6,27775.89,28021.78
2024-05-29,28093.2,28112.87,27912.94,27932.6
2024-05-30,27878.77,28008.05,27875.28,28004.55
2024-05-31,28043.02,28096.89,27855.32,27909.2
2024-06-03,27969.54,28180.56,27936.05,28147.07
2024-06-04,28145.49,28353.93,27818.12,28026.56
2024-06-05,27937.52,28006.51,27902.61,27971.6
2024-06-06,27975.26,28402.92,27851.84,28279.5
2024-06-07,28340.57,28379.26,27683.76,27722.45
2024-06-10,27739.78,27800.38,27367.98,27428.58
2024-06-11,27434.37,27524.28,27086.64,27176.55
2024-06-12,27047.14,27625.39,27045.12,27623.37
2024-06-13,27653.4,27762.17,26935.5,27044.27
2024-06-14,27095.4,27395.47,26963.27,27263.33
2024-06-17,27298.87,27892.91,27094.84,27688.88
2024-06-18,27693.61,27757.12,27459.49,27523.01
2024-06-19,27529.1,27541.68,27308.22,27320.8
2024-06-20,27346.34,27447.41,27288.72,27389.79
2024-06-21,27377.83,27873.14,27258.59,27753.9
2024-06-24,27643.84,28232.92,27601.12,28190.19
2024-06-25,28174.08,28468.66,28124.27,28418.85
2024-06-26,28510.66,28712.61,28091.65,28293.6
2024-06-27,28300.21,29023.62,28002.94,28726.35
2024-06-28,28691.84,28714.73,28393.48,28416.36
2024-07-01,28434.99,28509.27,27941.01,28015.3
2024-07-02,28110.35,28350.73,28081.91,28322.29
2024-07-03,28305.82,28433.56,28165.22,28292.96
2024-07-04,28391.54,28674.32,28174.42,28457.2
2024-07-05,28514.35,29118.58,28141.22,28745.45
2024-07-08,28718.32,28988.33,28493.66,28763.67
2024-07-09,28856.19,29032.14,28188.53,28364.48
2024-07-10,28480.42,28488.52,28333.22,28341.32
2024-07-11,28362.44,28367.97,27875.07,27880.61
2024-07-12,27839.04,27865.53,27422.68,27449.17
2024-07-15,27469.53,27744.6,27450.37,27725.44
2024-07-16,27702.55,27727.38,27457.16,27481.99
2024-07-17,27493.87,27520.04,27404.96,27431.13
2024-07-18,27435.68,27550.35,27144.67,27259.35
2024-07-19,27338.82,27495.13,27117.78,27274.1
2024-07-22,27262.9,27429.03,26856.99,27023.11
2024-07-23,27039.76,27644.03,26874.44,27478.71
2024-07-24,27484.86,27724.76,27095.16,27335.06
2024-07-25,27339.47,27959.13,27103.32,27722.97
2024-07-26,27541.6,27708.48,27352.31,27519.2
2024-07-29,27538.69,27727.11,27145.72,27334.14
2024-07-30,27270.12,27303.78,27137.2,27170.86
2024-07-31,27093.71,27252.21,27092.54,27251.05
2024-08-01,27121.69,27124.92,27003.32,27006.55
2024-08-02,26854.31,27026.75,26810.18,26982.62
2024-08-05,26968.58,27185.38,26573.03,26789.83
2024-08-06,26845.92,27607.7,26720.82,27482.6
2024-08-07,27504.01,27738.69,27380.92,27615.6
2024-08-08,27602.26,27678.85,26985.43,27062.02
2024-08-09,27027.78,27193.5,26504.64,26670.37
2024-08-12,26719.49,26828.91,26339.07,26448.49
2024-08-13,26460.05,27101.82,26109.57,26751.34
2024-08-14,26820.8,27296.57,26659.89,27135.66
2024-08-15,27255.85,27492.1,26962.43,27198.68
2024-08-16,27147.99,27352.26,26913.56,27117.83
2024-08-19,26991.31,27853.81,26885.53,27748.03
2024-08-20,27783.5,28193.8,27674.37,28084.68
2024-08-21,28162.53,28794.98,28138.44,28770.89
2024-08-22,28766.9,28904.01,28270.99,28408.1
2024-08-23,28334.38,28419.88,27815.58,27901.09
2024-08-26,27902.9,27946.16,27717.37,27760.64
2024-08-27,27918.69,28503.08,27625.51,28209.9
2024-08-28,28159.22,28876.64,27953.87,28671.29
2024-08-29,28710.14,29097.27,27977.22,28364.35
2024-08-30,28298.16,28528.5,28065.43,28295.77
2024-09-02,28372.58,28438.4,28014.32,28080.14
2024-09-03,28153.93,28490.8,27487.25,27824.12
2024-09-04,27777.97,28066.98,27681.97,27970.99
2024-09-05,27966.53,28098.35,27692.96,27824.78
2024-09-06,27768.83,27986.94,27671.28,27889.39
2024-09-09,27821.19,28463.68,27640.05,28282.55
2024-09-10,28360.57,28750.49,27875.85,28265.76
2024-09-11,28267.09,28379.79,27945.37,28058.07
2024-09-12,28128.75,28222.79,27934.2,28028.24
2024-09-13,28211.52,28396.02,27433.9,27618.4
2024-09-16,27618.65,28186.66,26362.41,26930.42
2024-09-17,26831.06,28884.01,25947.45,28000.39
2024-09-18,27969.04,29816.58,27055.23,28902.77
2024-09-19,28706.81,29210.55,27719.26,28222.99
2024-09-20,28150,28884.8,27589.11,28323.92
2024-09-23,28281.24,28764.27,27782.26,28265.3
2024-09-24,28240.3,29241.59,27636.19,28637.47
2024-09-25,28603.51,28852.31,27295.03,27543.83
2024-09-26,27500.12,28142.89,27198.1,27840.86
2024-09-27,27896.36,28377.1,26947,27427.75
2024-09-30,27394.07,27847.45,26552.87,27006.25
2024-10-01,26824.32,27307.88,26769.38,27252.94
2024-10-02,27202.11,27272.73,26904.85,26975.46
2024-10-03,27056.51,27667.01,26630.76,27241.25
2024-10-04,27197.6,27505.74,27044.34,27352.47
2024-10-07,27494.64,27673.89,27071,27250.25
2024-10-08,27327.31,28286.9,26836.66,27796.25
2024-10-09,27829.4,27846.69,27501.37,27518.66
2024-10-10,27611.23,27993.78,27288.42,27670.97
2024-10-11,27549.19,27908.8,27516.01,27875.62
2024-10-14,27935.27,28583.73,27845.94,28494.41
2024-10-15,28530.22,28613.65,28081.05,28164.47
2024-10-16,28230.96,28255.93,28195.91,28220.88
2024-10-17,28255.25,28308.48,28088.59,28141.82
2024-10-18,28205.57,28550.54,27623.4,27968.37
2024-10-21,27927.33,28519.17,27876.97,28468.81
2024-10-22,28447.69,28574.28,27911.2,28037.79
2024-10-23,27978.38,28003.29,27568.13,27593.04
2024-10-24,27629.89,28024.98,27564.88,27959.96
2024-10-25,28076.98,28533.16,27273.56,27729.73
2024-10-28,27708.59,27798.15,27640.89,27730.45
2024-10-29,27804.83,28254.56,27396.02,27845.76
2024-10-30,27765.38,28490.48,27554.33,28279.42
2024-10-31,28322.44,28612.07,26307.74,26597.37
